{"cameraMode":{"drawMode":0,"name":"Shaded","section":"Shading Mode"},"sceneLighting":true,"audioPlay":false,"sceneViewState":{"showFog":true,"showMaterialUpdate":false,"showSkybox":true,"showFlares":true,"showImageEffects":true,"showParticleSystems":true},"in2DMode":false,"pivot":{"x":275.2915344238281,"y":109.09493255615235,"z":-1.1691938638687134},"rotation":{"x":0.18632356822490693,"y":0.3143695592880249,"z":-0.06307172030210495,"w":0.9286982417106628},"size":973.88671875,"orthographic":false}